{
    "objects": {
        "Model_0": {
            "active": false,
            "transform": {
                "rotate": [
                    0.0,
                    0.0,
                    0.0
                ],
                "scale": [
                    20.0,
                    20.0,
                    20.0
                ],
                "translate": [
                    0.0,
                    0.0,
                    0.0
                ]
            }
        },
        "Plane_0": {
            "active": true,
            "transform": {
                "rotate": [
                    0.0,
                    -0.0,
                    0.0
                ],
                "scale": [
                    10.0,
                    1.0,
                    10.0
                ],
                "translate": [
                    -1.5960012674331665,
                    0.0002622529864311218,
                    5.320563793182373
                ]
            }
        },
        "SkyBox_0": {
            "active": true,
            "transform": {
                "rotate": [
                    0.0,
                    0.0,
                    0.0
                ],
                "scale": [
                    1.0,
                    1.0,
                    1.0
                ],
                "translate": [
                    0.0,
                    0.0,
                    0.0
                ]
            }
        },
        "SneakWalkModel_0": {
            "active": true,
            "transform": {
                "rotate": [
                    0.0,
                    -0.0,
                    0.0
                ],
                "scale": [
                    1.0,
                    1.0,
                    1.0
                ],
                "translate": [
                    -0.6106602549552917,
                    1.993531346321106,
                    0.0
                ]
            }
        },
        "Sphere_0": {
            "active": true,
            "transform": {
                "rotate": [
                    0.0,
                    -0.0,
                    0.0
                ],
                "scale": [
                    1.5,
                    1.5,
                    1.5
                ],
                "translate": [
                    -5.008947849273682,
                    2.9083755016326904,
                    -0.42377251386642456
                ]
            }
        },
        "Sprite_0": {
            "active": true,
            "transform": {
                "rotate": [
                    0.0,
                    0.0,
                    0.0
                ],
                "scale": [
                    1.0,
                    1.0,
                    1.0
                ],
                "translate": [
                    -419.49774169921875,
                    205.32757568359375,
                    0.0
                ]
            }
        }
    }
}