{
    "distance": 45.7582893371582,
    "isDebugCamera": true,
    "parameters": {
        "aspectRatio": 0.0,
        "farClip": 1000.0,
        "fov": 0.7557275295257568,
        "nearClip": 0.10000000149011612
    },
    "pitch": 0.2979999780654907,
    "target": [
        0.0,
        0.0,
        0.0
    ],
    "version": "1.0",
    "yaw": 0.6425915360450745
}