{
    "easingTypeIndex": 3,
    "keyframes": [
        {
            "snapshot": {
                "isDebugCamera": false,
                "parameters": {
                    "aspectRatio": 0.0,
                    "farClip": 1000.0,
                    "fov": 0.44999998807907104,
                    "nearClip": 0.10000000149011612
                },
                "position": [
                    -0.5107976794242859,
                    21.071144104003906,
                    -26.21929931640625
                ],
                "rotation": [
                    1.191003441810608,
                    -0.029980918392539024,
                    -0.03088437020778656
                ],
                "scale": [
                    0.9999998807907104,
                    0.9999997019767761,
                    0.9999998211860657
                ]
            },
            "time": 0.0
        },
        {
            "snapshot": {
                "isDebugCamera": false,
                "parameters": {
                    "aspectRatio": 0.0,
                    "farClip": 1000.0,
                    "fov": 0.44999998807907104,
                    "nearClip": 0.10000000149011612
                },
                "position": [
                    -0.5107976794242859,
                    21.071144104003906,
                    -26.21929931640625
                ],
                "rotation": [
                    0.685330867767334,
                    0.2842908501625061,
                    0.3087771534919739
                ],
                "scale": [
                    0.9999999403953552,
                    1.0000001192092896,
                    1.0
                ]
            },
            "time": 2.0799999237060547
        },
        {
            "snapshot": {
                "isDebugCamera": false,
                "parameters": {
                    "aspectRatio": 0.0,
                    "farClip": 1000.0,
                    "fov": 0.44999998807907104,
                    "nearClip": 0.10000000149011612
                },
                "position": [
                    -0.5107976794242859,
                    21.071144104003906,
                    -26.21929931640625
                ],
                "rotation": [
                    0.6531367301940918,
                    0.022671671584248543,
                    0.1007232591509819
                ],
                "scale": [
                    1.0,
                    1.000000238418579,
                    0.9999999403953552
                ]
            },
            "time": 4.119999885559082
        },
        {
            "snapshot": {
                "isDebugCamera": false,
                "parameters": {
                    "aspectRatio": 0.0,
                    "farClip": 1000.0,
                    "fov": 0.44999998807907104,
                    "nearClip": 0.10000000149011612
                },
                "position": [
                    -0.5107976794242859,
                    21.071144104003906,
                    -26.21929931640625
                ],
                "rotation": [
                    0.3577952980995178,
                    0.022671682760119438,
                    0.1007232591509819
                ],
                "scale": [
                    1.0,
                    1.0,
                    0.9999999403953552
                ]
            },
            "time": 10.0
        }
    ],
    "timelineLength": 10.0,
    "version": "1.0"
}