{
    "distance": 31.25352668762207,
    "isDebugCamera": true,
    "parameters": {
        "aspectRatio": 0.0,
        "farClip": 1000.0,
        "fov": 0.44999998807907104,
        "nearClip": 0.10000000149011612
    },
    "pitch": 0.15999992191791534,
    "target": [
        0.0,
        0.0,
        0.0
    ],
    "version": "1.0",
    "yaw": 3.1325912475585938
}