{
    "objects": {
        "Sphere_0": {
            "active": true,
            "transform": {
                "rotate": [
                    0.0,
                    -0.0,
                    0.0
                ],
                "scale": [
                    3.7100000381469727,
                    1.0,
                    3.930000066757202
                ],
                "translate": [
                    9.09557819366455,
                    4.604499340057373,
                    0.7151088714599609
                ]
            }
        },
        "Sphere_1": {
            "active": true,
            "transform": {
                "rotate": [
                    0.0,
                    -0.0,
                    0.0
                ],
                "scale": [
                    1.0,
                    1.0,
                    1.0
                ],
                "translate": [
                    -4.06997537612915,
                    1.0,
                    0.0
                ]
            }
        },
        "Sphere_2": {
            "active": true,
            "transform": {
                "rotate": [
                    0.0,
                    -0.0,
                    0.0
                ],
                "scale": [
                    1.0,
                    1.0,
                    1.0
                ],
                "translate": [
                    2.8626155853271484,
                    1.5256977081298828,
                    0.5412769317626953
                ]
            }
        },
        "Sphere_3": {
            "active": true,
            "transform": {
                "rotate": [
                    0.0,
                    -0.0,
                    0.0
                ],
                "scale": [
                    1.0,
                    1.0,
                    1.0
                ],
                "translate": [
                    7.071245193481445,
                    1.0,
                    -3.952300548553467
                ]
            }
        },
        "Sphere_4": {
            "active": true,
            "transform": {
                "rotate": [
                    0.0,
                    -0.0,
                    0.0
                ],
                "scale": [
                    1.0,
                    1.0,
                    1.0
                ],
                "translate": [
                    0.0,
                    1.0,
                    -6.994907379150391
                ]
            }
        }
    }
}