{
    "objects": {
        "Sphere_0": {
            "active": true,
            "transform": {
                "rotate": [
                    0.0,
                    -0.0,
                    0.0
                ],
                "scale": [
                    1.0,
                    1.0,
                    1.0
                ],
                "translate": [
                    -0.8940721154212952,
                    1.3418940305709839,
                    3.002094268798828
                ]
            }
        },
        "Sphere_1": {
            "active": true,
            "transform": {
                "rotate": [
                    0.0,
                    -0.0,
                    0.0
                ],
                "scale": [
                    1.0,
                    1.0,
                    1.0
                ],
                "translate": [
                    -4.06997537612915,
                    1.0,
                    0.0
                ]
            }
        },
        "Sphere_2": {
            "active": true,
            "transform": {
                "rotate": [
                    0.0,
                    -0.0,
                    0.0
                ],
                "scale": [
                    1.0,
                    1.0,
                    1.0
                ],
                "translate": [
                    -0.9081763029098511,
                    0.6061611175537109,
                    -0.40550804138183594
                ]
            }
        },
        "Sphere_3": {
            "active": true,
            "transform": {
                "rotate": [
                    0.0,
                    -0.0,
                    0.0
                ],
                "scale": [
                    1.0,
                    1.0,
                    1.0
                ],
                "translate": [
                    7.071245193481445,
                    1.0,
                    4.0
                ]
            }
        },
        "Sphere_4": {
            "active": true,
            "transform": {
                "rotate": [
                    0.0,
                    -0.0,
                    0.0
                ],
                "scale": [
                    1.0,
                    1.0,
                    1.0
                ],
                "translate": [
                    0.0,
                    1.0,
                    -6.994907379150391
                ]
            }
        }
    }
}